<?xml version="1.0" encoding="UTF-8"?>
<project-private xmlns="http://www.netbeans.org/ns/project-private/1">
    <editor-bookmarks xmlns="http://www.netbeans.org/ns/editor-bookmarks/2" lastBookmarkId="0"/>
    <open-files xmlns="http://www.netbeans.org/ns/projectui-open-files/2">
        <group>
            <file>file:/C:/Users/lab_services_student/Documents/NetBeansProjects/PROG_POE/src/prog_poe/Login.java</file>
            <file>file:/C:/Users/lab_services_student/Documents/NetBeansProjects/PROG_POE/src/prog_poe/PROG_POE.java</file>
            <file>file:/C:/Users/lab_services_student/Documents/NetBeansProjects/PROG_POE/src/prog_poe/Register.java</file>
            <file>file:/C:/Users/lab_services_student/Documents/NetBeansProjects/PROG_POE/src/prog_poe/TaskClass1.java</file>
            <file>file:/C:/Users/lab_services_student/Documents/NetBeansProjects/PROG_POE/src/prog_poe/TaskClass1Test.java</file>
        </group>
    </open-files>
</project-private>
